{
  "urls": [
    "voice.ogg",
    "voice.m4a",
    "voice.mp3",
    "voice.ac3"
  ],
  "sprite": {
    "desu": [
      0,
      417.82312925170066
    ],
    "maru": [
      2000,
      328.32199546485265
    ],
    "pop": [
      4000,
      466.96145124716537
    ],
    "sankaku": [
      6000,
      696.3718820861677
    ],
    "shikaku": [
      8000,
      721.4285714285716
    ]
  }
};